{
  "project_info": {
    "project_number": "814077748152",
    "project_id": "flickpro-ac509",
    "storage_bucket": "flickpro-ac509.appspot.com"
  },
  "client": [
    {
      "client_info": {
        "mobilesdk_app_id": "1:814077748152:android:9b5fdf5afd35a9e611a54d",
        "android_client_info": {
          "package_name": "uk.tees.ac.c2360663.FLICKSPROAPP"
        }
      },
      "oauth_client": [
        {
          "client_id": "814077748152-qnta09aprlc2eri476158b43agn6p5j0.apps.googleusercontent.com",
          "client_type": 1,
          "android_info": {
            "package_name": "uk.tees.ac.c2360663.FLICKSPROAPP",
            "certificate_hash": "5a31d3d796a59e103c7885479c3b9bba3b5a9f5b"
          }
        },
        {
          "client_id": "814077748152-sqvhq0e6mj5r7ek6ohm649ld2bl83ule.apps.googleusercontent.com",
          "client_type": 3
        }
      ],
      "api_key": [
        {
          "current_key": "AIzaSyBDarQXoJyzNHb1PNyTj8rCuq4_y8xE9ek"
        }
      ],
      "services": {
        "appinvite_service": {
          "other_platform_oauth_client": [
            {
              "client_id": "814077748152-sqvhq0e6mj5r7ek6ohm649ld2bl83ule.apps.googleusercontent.com",
              "client_type": 3
            }
          ]
        }
      }
    }
  ],
  "configuration_version": "1"
}